"Feature","Estimate_Beta","Std_Error","z_value","p_value","Odds_Ratio","CI_95_Lower","CI_95_Upper"
"(Intercept)",-28.0412,0.2833,-98.97,"< 1e-16",0,0,0
"trip_distance",3.1495,0.0324,97.26,"< 1e-16",23.3246,21.8903,24.853
"trip_duration_min",0.5988,0.0065,91.59,"< 1e-16",1.8199,1.7967,1.8434
"pickup_hour",0.0242,0.0025,9.77,"< 1e-16",1.0245,1.0195,1.0295
"is_weekend",-0.1119,0.0421,-2.66,"0.0078380",0.8941,0.8233,0.971
"peak_hour",0.4527,0.0525,8.63,"< 1e-16",1.5725,1.4188,1.7429
"passenger_count",0.0556,0.0215,2.59,"0.0097016",1.0572,1.0136,1.1026
"RatecodeID2",39.4037,85.1394,0.46,"0.6434980",129659341554265744,0,3.84548701284248e+89
"RatecodeID3",24.3661,0.9384,25.97,"< 1e-16",38199228119.0373,6070996698.2378,240352795664.308
"RatecodeID4",5.3976,1.1794,4.58,"4.7233e-06",220.873,21.8904,2228.6003
"RatecodeID5",19.1547,0.371,51.63,"< 1e-16",208333356.2205,100676694.1835,431110572.9694
